<?xml version="1.0" encoding="us-ascii"?>
<Message xmlns="http://schemas.microsoft.com/servicebusexplorer">
  <Date>Wednesday, April 10, 2013 7:22:39 PM</Date>
  <Content><![CDATA[<CalculatorRequest xmlns="http://windowsazure.cat.microsoft.com/samples/servicebus" 
                   xmlns:i="http://www.w3.org/2001/XMLSchema-instance">
    <Operations>
        <Operation>
            <Operator>+</Operator>
            <Operand1>84</Operand1>
            <Operand2>61</Operand2>
        </Operation>
        <Operation>
            <Operator>-</Operator>
            <Operand1>68</Operand1>
            <Operand2>43</Operand2>
        </Operation>
        <Operation>
            <Operator>*</Operator>
            <Operand1>15</Operand1>
            <Operand2>8</Operand2>
        </Operation>
        <Operation>
            <Operator>/</Operator>
            <Operand1>96</Operand1>
            <Operand2>16</Operand2>
        </Operation>
    </Operations>
</CalculatorRequest>]]></Content>
</Message>